index,v0_bs,v0_rs,delta,sigma_bs,sigma_rs,sigma_delta,within_error
1.000000000000000000e+00,1.636040968033204308e+02,1.636040968033204308e+02,0.000000000000000000e+00,1.012490997763720074e-12,1.157152085282869359e-12,2.169643083046589432e-12,1.000000000000000000e+00
2.000000000000000000e+00,2.769229769024969414e+02,2.769229769024969414e+02,0.000000000000000000e+00,1.016250979374548904e-12,1.903624490367000820e-12,2.919875469741549522e-12,1.000000000000000000e+00
3.000000000000000000e+00,4.073321261780280338e+02,4.073321261780280338e+02,0.000000000000000000e+00,1.014782083077845833e-12,1.196440106599086334e-12,2.211222189676932167e-12,1.000000000000000000e+00
4.000000000000000000e+00,5.565482475375972626e+02,5.565482475375972626e+02,0.000000000000000000e+00,1.011519177155254067e-12,1.039288021318217254e-12,2.050807198473471523e-12,1.000000000000000000e+00
5.000000000000000000e+00,7.250655251041284828e+02,7.250655251041284828e+02,0.000000000000000000e+00,1.013147969128309739e-12,1.117864063962651786e-12,2.131012033090961524e-12,1.000000000000000000e+00
6.000000000000000000e+00,9.130829656465630251e+02,9.130829656465631388e+02,-1.136868377216160297e-13,1.014754522805327347e-12,1.667896362445694575e-12,2.682650885251021720e-12,1.000000000000000000e+00
7.000000000000000000e+00,1.120696193108574562e+03,1.120696193108574562e+03,0.000000000000000000e+00,1.012259570610628206e-12,4.025177641654724521e-12,5.037437212265352525e-12,1.000000000000000000e+00
8.000000000000000000e+00,1.347956649035300188e+03,1.347956649035299961e+03,2.273736754432320595e-13,1.013445262129574123e-12,1.785760426406346284e-12,2.799205688535920205e-12,1.000000000000000000e+00
9.000000000000000000e+00,1.594894304525958660e+03,1.594894304525958887e+03,-2.273736754432320595e-13,1.014625046803750141e-12,4.496633897497333780e-12,5.511258944301083719e-12,1.000000000000000000e+00
1.000000000000000000e+01,1.861527699949615680e+03,1.861527699949615226e+03,4.547473508864641190e-13,1.015800326542543167e-12,3.042977108653300741e-12,4.058777435195843908e-12,1.000000000000000000e+00
1.100000000000000000e+01,2.147868856205879638e+03,2.147868856205879638e+03,0.000000000000000000e+00,1.014143403948607746e-12,2.492944810170257951e-12,3.507088214118865899e-12,1.000000000000000000e+00
1.200000000000000000e+01,2.453925868983133569e+03,2.453925868983133569e+03,0.000000000000000000e+00,1.015117528096929888e-12,1.589320319801259437e-12,2.604437847898189527e-12,1.000000000000000000e+00
1.300000000000000000e+01,2.779704364694197011e+03,2.779704364694197011e+03,0.000000000000000000e+00,1.012871802173235037e-12,4.339481812216466720e-12,5.352353614389701353e-12,1.000000000000000000e+00
1.400000000000000000e+01,3.125208358796573975e+03,3.125208358796573521e+03,4.547473508864641190e-13,1.013648330814452525e-12,6.382458920871779088e-12,7.396107251686232017e-12,1.000000000000000000e+00
1.500000000000000000e+01,3.490440782935037078e+03,3.490440782935036623e+03,4.547473508864641190e-13,1.014423816517095827e-12,2.296504703565170701e-12,3.310928520082266528e-12,1.000000000000000000e+00
1.600000000000000000e+01,3.875403820099749282e+03,3.875403820099749737e+03,-4.547473508864641190e-13,1.011398817405208329e-12,1.510744277164824889e-12,2.522143094570033218e-12,1.000000000000000000e+00
1.700000000000000000e+01,4.280099124156068683e+03,4.280099124156067774e+03,9.094947017729282379e-13,1.015972281860618494e-12,7.089643304635689746e-12,8.105615586496307836e-12,1.000000000000000000e+00
1.800000000000000000e+01,4.704527967406361313e+03,4.704527967406361313e+03,0.000000000000000000e+00,1.012559123835374307e-12,2.925113044692648022e-12,3.937672168528021925e-12,1.000000000000000000e+00
1.900000000000000000e+01,5.148691342057603833e+03,5.148691342057604743e+03,-9.094947017729282379e-13,1.017518159675934545e-12,1.070414126609165537e-11,1.172165942576758971e-11,1.000000000000000000e+00
2.000000000000000000e+01,5.612590031413515135e+03,5.612590031413515135e+03,0.000000000000000000e+00,1.016004045052849677e-12,7.914691752360253930e-12,8.930695797413103607e-12,1.000000000000000000e+00
2.100000000000000000e+01,6.096224660731894801e+03,6.096224660731893891e+03,9.094947017729282379e-13,1.014296568092228509e-12,1.133274960721916419e-11,1.234704617531139290e-11,1.000000000000000000e+00
2.200000000000000000e+01,6.599595734148259908e+03,6.599595734148261727e+03,-1.818989403545856476e-12,1.012395919175849659e-12,7.521811539154066698e-12,8.534207458329916357e-12,1.000000000000000000e+00
2.300000000000000000e+01,7.122703661878657840e+03,7.122703661878656931e+03,9.094947017729282379e-13,1.012877824651844586e-12,4.103753684295165321e-12,5.116631508947009907e-12,1.000000000000000000e+00
2.400000000000000000e+01,7.665548780529417854e+03,7.665548780529416035e+03,1.818989403545856476e-12,1.010687636688027775e-12,2.327630808856527889e-11,2.428699572525330565e-11,1.000000000000000000e+00
2.500000000000000000e+01,8.228131368446100169e+03,8.228131368446100169e+03,0.000000000000000000e+00,1.013841102275581013e-12,1.235423816154481624e-11,1.336807926382039725e-11,1.000000000000000000e+00
2.600000000000000000e+01,8.810451657443512886e+03,8.810451657443512886e+03,0.000000000000000000e+00,1.014322510707664302e-12,1.050770115949057800e-11,1.152202367019824271e-11,1.000000000000000000e+00
2.700000000000000000e+01,9.412509841862693065e+03,9.412509841862693065e+03,0.000000000000000000e+00,1.011843028596813935e-12,1.486867152603468740e-11,1.588051455463150295e-11,1.000000000000000000e+00
2.800000000000000000e+01,1.003430608563072383e+04,1.003430608563072383e+04,0.000000000000000000e+00,1.015284940117404955e-12,1.970109814842546764e-11,2.071638308854287320e-11,1.000000000000000000e+00
2.900000000000000000e+01,1.067584052781251376e+04,1.067584052781251557e+04,-1.818989403545856476e-12,1.012612787976270096e-12,2.229410755555573193e-11,2.330672034353200344e-11,1.000000000000000000e+00
3.000000000000000000e+01,1.133711328701251659e+04,1.133711328701251296e+04,3.637978807091712952e-12,1.016246930119695338e-12,1.883676167938067942e-11,1.985300860950037577e-11,1.000000000000000000e+00
3.100000000000000000e+01,1.201812446489146896e+04,1.201812446489147078e+04,-1.818989403545856476e-12,1.013382227387307005e-12,8.464724050839283601e-12,9.478106278226591413e-12,1.000000000000000000e+00
3.200000000000000000e+01,1.271887414899617215e+04,1.271887414899617215e+04,0.000000000000000000e+00,1.017208555006087813e-12,2.767960959407778344e-12,3.785169514413865956e-12,1.000000000000000000e+00
3.300000000000000000e+01,1.343936241505177532e+04,1.343936241505177350e+04,1.818989403545856476e-12,1.017689249279398711e-12,1.624375227224632768e-11,1.726144152152572640e-11,1.000000000000000000e+00
3.400000000000000000e+01,1.417958932883042871e+04,1.417958932883043053e+04,-1.818989403545856476e-12,1.014535898534090040e-12,4.575209940137773773e-12,5.589745838671863812e-12,1.000000000000000000e+00
3.500000000000000000e+01,1.493955494768356039e+04,1.493955494768356220e+04,-1.818989403545856476e-12,1.014920345719189355e-12,1.589320319805259631e-12,2.604240665524448784e-12,1.000000000000000000e+00
3.600000000000000000e+01,1.571925932180539348e+04,1.571925932180539348e+04,0.000000000000000000e+00,1.011478558686429417e-12,1.942912511687215162e-12,2.954391070373644377e-12,1.000000000000000000e+00
3.700000000000000000e+01,1.651870249528033673e+04,1.651870249528033673e+04,0.000000000000000000e+00,1.011766824753851996e-12,3.231255299221112820e-11,3.332431981696498343e-11,1.000000000000000000e+00
3.800000000000000000e+01,1.733788450695552820e+04,1.733788450695552820e+04,0.000000000000000000e+00,1.012055059895680213e-12,1.306142254530470005e-11,1.407347760520038006e-11,1.000000000000000000e+00
3.900000000000000000e+01,1.817680539117121589e+04,1.817680539117121589e+04,0.000000000000000000e+00,1.012343266290061364e-12,3.160536860845133325e-11,3.261771187474139401e-11,1.000000000000000000e+00
4.000000000000000000e+01,1.903546517837481224e+04,1.903546517837481224e+04,0.000000000000000000e+00,1.012631445914852553e-12,2.449423674948791278e-11,2.550686819540276534e-11,1.000000000000000000e+00
4.100000000000000000e+01,1.991386389563938064e+04,1.991386389563937701e+04,3.637978807091712952e-12,1.012919600570172669e-12,5.160297146044201404e-11,5.261589106101218408e-11,1.000000000000000000e+00
4.200000000000000000e+01,2.081200156710323063e+04,2.081200156710323063e+04,0.000000000000000000e+00,1.017610309197955904e-12,4.256672655679198035e-11,4.358433686598993828e-11,1.000000000000000000e+00
4.300000000000000000e+01,2.172987821434402940e+04,2.172987821434402940e+04,0.000000000000000000e+00,1.015745148299212067e-12,1.903320178598175516e-11,2.004894693428096642e-11,1.000000000000000000e+00
4.400000000000000000e+01,2.266749385669836920e+04,2.266749385669837648e+04,-7.275957614183425903e-12,1.013783930447923587e-12,4.264530259942828121e-11,4.365908652987620662e-11,1.000000000000000000e+00
4.500000000000000000e+01,2.362484851153567070e+04,2.362484851153566706e+04,3.637978807091712952e-12,1.016417333690569032e-12,2.850161492415414257e-11,2.951803225784471443e-11,1.000000000000000000e+00
4.600000000000000000e+01,2.460194219449385491e+04,2.460194219449385491e+04,0.000000000000000000e+00,1.014360052132518027e-12,7.116840607790592086e-11,7.218276613003843747e-11,1.000000000000000000e+00
4.700000000000000000e+01,2.559877491968257164e+04,2.559877491968257164e+04,0.000000000000000000e+00,1.014648086995517196e-12,3.054459203280137539e-11,3.155924011979689057e-11,1.000000000000000000e+00
4.800000000000000000e+01,2.661534669985921573e+04,2.661534669985921573e+04,0.000000000000000000e+00,1.014936105879895331e-12,3.887365255268742006e-11,3.988858865856731822e-11,1.000000000000000000e+00
4.900000000000000000e+01,2.765165754658162041e+04,2.765165754658162041e+04,0.000000000000000000e+00,1.015224109695714079e-12,6.794678832965244035e-11,6.896201243934815322e-11,1.000000000000000000e+00
5.000000000000000000e+01,2.870770747034110536e+04,2.870770747034110173e+04,3.637978807091712952e-12,1.015512099285114388e-12,5.949986374580566622e-11,6.051537584509077940e-11,1.000000000000000000e+00
5.100000000000000000e+01,2.978349648067844464e+04,2.978349648067844828e+04,-3.637978807091712952e-12,1.013166729523455296e-12,9.006594433293036420e-11,9.107911106245382394e-11,1.000000000000000000e+00
5.200000000000000000e+01,3.087902458628551540e+04,3.087902458628551904e+04,-3.637978807091712952e-12,1.013406699041602545e-12,9.411261052891725504e-11,9.512601722795886001e-11,1.000000000000000000e+00
5.300000000000000000e+01,3.199429179509445748e+04,3.199429179509445748e+04,0.000000000000000000e+00,1.013646658519321458e-12,1.942608199917990000e-11,2.043972865769922207e-11,1.000000000000000000e+00
5.400000000000000000e+01,3.312929811435595184e+04,3.312929811435595184e+04,0.000000000000000000e+00,1.016663930174750304e-12,8.586212605166716226e-11,8.687878998184191297e-11,1.000000000000000000e+00
5.500000000000000000e+01,3.428404355070843303e+04,3.428404355070843303e+04,0.000000000000000000e+00,1.011301239524331335e-12,3.891294057401175173e-11,3.992424181353608266e-11,1.000000000000000000e+00
5.600000000000000000e+01,3.545852811023912363e+04,3.545852811023912363e+04,0.000000000000000000e+00,1.011493185403570703e-12,7.050355283311462286e-12,8.061848468715032383e-12,1.000000000000000000e+00
5.700000000000000000e+01,3.665275179853807640e+04,3.665275179853806912e+04,7.275957614183425903e-12,1.014606405949619136e-12,3.588776293235499781e-11,3.690236933830461856e-11,1.000000000000000000e+00
5.800000000000000000e+01,3.786671462074615556e+04,3.786671462074615556e+04,0.000000000000000000e+00,1.011877057908581384e-12,2.414368767529822805e-12,3.426245825438403988e-12,1.000000000000000000e+00
5.900000000000000000e+01,3.910041658159771032e+04,3.910041658159771032e+04,0.000000000000000000e+00,1.012068985148262480e-12,4.119164581058434672e-11,4.220371479573260678e-11,1.000000000000000000e+00
6.000000000000000000e+01,4.035385768545856990e+04,4.035385768545856263e+04,7.275957614183425903e-12,1.012260906756521795e-12,4.806704954162239209e-11,4.907931044837891449e-11,1.000000000000000000e+00
6.100000000000000000e+01,4.162703793635994953e+04,4.162703793635994953e+04,0.000000000000000000e+00,1.012452822994334611e-12,3.089818422468738948e-11,3.191063704768172348e-11,1.000000000000000000e+00
6.200000000000000000e+01,4.291995733802878385e+04,4.291995733802878385e+04,0.000000000000000000e+00,1.012644734106781053e-12,2.021184242558827104e-11,2.122448715969505371e-11,1.000000000000000000e+00
6.300000000000000000e+01,4.423261589391490270e+04,4.423261589391489542e+04,7.275957614183425903e-12,1.016045800405797619e-12,2.708724615662630995e-11,2.810329195703210858e-11,1.000000000000000000e+00
6.400000000000000000e+01,4.556501360721539095e+04,4.556501360721539095e+04,0.000000000000000000e+00,1.013028541863468144e-12,8.448704530546392303e-11,8.550007384732739662e-11,1.000000000000000000e+00
6.500000000000000000e+01,4.691715048089652555e+04,4.691715048089652555e+04,0.000000000000000000e+00,1.009915329195957193e-12,8.480134947602564422e-11,8.581126480522159576e-11,1.000000000000000000e+00
6.600000000000000000e+01,4.828902651771347882e+04,4.828902651771347882e+04,0.000000000000000000e+00,1.013412331712083924e-12,1.765812103977414415e-11,1.867153337148622969e-11,1.000000000000000000e+00
6.700000000000000000e+01,4.968064172022808634e+04,4.968064172022808634e+04,0.000000000000000000e+00,1.017005275494782268e-12,8.413345311358189621e-11,8.515045838907668353e-11,1.000000000000000000e+00
6.800000000000000000e+01,5.109199609082496318e+04,5.109199609082496318e+04,0.000000000000000000e+00,1.013796105150042601e-12,4.547404013448801774e-11,4.648783623963805933e-11,1.000000000000000000e+00
6.900000000000000000e+01,5.252308963172596850e+04,5.252308963172595395e+04,1.455191522836685181e-11,1.013987986137910254e-12,6.995047741698343883e-11,7.096446540312134565e-11,1.000000000000000000e+00
7.000000000000000000e+01,5.397392234500336053e+04,5.397392234500336781e+04,-7.275957614183425903e-12,1.014179863512215774e-12,8.071843837641112912e-12,9.086023701153328686e-12,1.000000000000000000e+00
7.100000000000000000e+01,5.544449423259181640e+04,5.544449423259180912e+04,7.275957614183425903e-12,1.014371737417943766e-12,4.476685575072409335e-11,4.578122748814203974e-11,1.000000000000000000e+00
7.200000000000000000e+01,5.693480529629913508e+04,5.693480529629913508e+04,0.000000000000000000e+00,1.014563607992419945e-12,3.616277908159650386e-11,3.717734268958892582e-11,1.000000000000000000e+00
7.300000000000000000e+01,5.844485553781617637e+04,5.844485553781617637e+04,0.000000000000000000e+00,1.014755475365809946e-12,5.227086782288560696e-11,5.328562329825141892e-11,1.000000000000000000e+00
7.400000000000000000e+01,5.997464495872579573e+04,5.997464495872578846e+04,7.275957614183425903e-12,1.011210504745685399e-12,1.974038616974565694e-11,2.075159667449134314e-11,1.000000000000000000e+00
7.500000000000000000e+01,6.152417356051102979e+04,6.152417356051102252e+04,7.275957614183425903e-12,1.015139200996925503e-12,5.816407102091822835e-11,5.917921022191515426e-11,1.000000000000000000e+00
7.600000000000000000e+01,6.309344134456255415e+04,6.309344134456256143e+04,-7.275957614183425903e-12,1.011498294611869395e-12,3.533773063387195340e-11,3.634922892848382219e-11,1.000000000000000000e+00
7.700000000000000000e+01,6.468244831218553736e+04,6.468244831218553736e+04,0.000000000000000000e+00,1.019403644033099900e-12,8.975468328006114665e-12,9.994871972039214970e-12,1.000000000000000000e+00
7.800000000000000000e+01,6.629119446460579638e+04,6.629119446460579638e+04,0.000000000000000000e+00,1.011786076244232546e-12,5.757475070111495587e-11,5.858653677735919327e-11,1.000000000000000000e+00
7.900000000000000000e+01,6.791967980297563190e+04,6.791967980297563190e+04,0.000000000000000000e+00,1.011929964159204846e-12,1.440083976055886984e-10,1.450203275697479133e-10,1.000000000000000000e+00
8.000000000000000000e+01,6.956790432837893604e+04,6.956790432837892149e+04,1.455191522836685181e-11,1.012073850232363990e-12,1.497444487183403946e-10,1.507565225685727531e-10,1.000000000000000000e+00
8.100000000000000000e+01,7.123586804183606000e+04,7.123586804183604545e+04,1.455191522836685181e-11,1.012217734528870041e-12,1.049953924346173297e-10,1.060076101691462029e-10,1.000000000000000000e+00
8.200000000000000000e+01,7.292357094430833240e+04,7.292357094430834695e+04,-1.455191522836685181e-11,1.012361617110842526e-12,8.696219064863334154e-11,8.797455226574417801e-11,1.000000000000000000e+00
8.300000000000000000e+01,7.463101303670197376e+04,7.463101303670195921e+04,1.455191522836685181e-11,1.012505498037537949e-12,1.308469104633159900e-10,1.318594159613535237e-10,1.000000000000000000e+00
8.400000000000000000e+01,7.635819431987180724e+04,7.635819431987182179e+04,-1.455191522836685181e-11,1.012649377365510748e-12,6.763248415908647986e-11,6.864513353645199040e-11,1.000000000000000000e+00
8.500000000000000000e+01,7.810511479462496936e+04,7.810511479462496936e+04,0.000000000000000000e+00,1.012793255148767171e-12,1.376860692906861959e-11,1.478140018421738757e-11,1.000000000000000000e+00
8.600000000000000000e+01,7.987177446172377677e+04,7.987177446172376222e+04,1.455191522836685181e-11,1.017249508585875907e-12,7.678659312670122381e-11,7.780384263528710537e-11,1.000000000000000000e+00
8.700000000000000000e+01,8.165817332188888395e+04,8.165817332188886940e+04,1.455191522836685181e-11,1.017441341714340544e-12,1.249929952866079264e-10,1.260104366283222632e-10,1.000000000000000000e+00
8.800000000000000000e+01,8.346431137580184441e+04,8.346431137580181530e+04,2.910383045673370361e-11,1.013224879734988203e-12,8.664788647807579502e-11,8.766111135781078969e-11,1.000000000000000000e+00
8.900000000000000000e+01,8.529018862410774454e+04,8.529018862410771544e+04,2.910383045673370361e-11,1.015596877139120818e-12,2.810450159705117802e-10,2.820606128476509263e-10,1.000000000000000000e+00
9.000000000000000000e+01,8.713580506741745921e+04,8.713580506741745921e+04,0.000000000000000000e+00,1.015764726394120235e-12,2.262382262288032327e-10,2.272539909551973652e-10,1.000000000000000000e+00
9.100000000000000000e+01,8.900116070630980539e+04,8.900116070630980539e+04,0.000000000000000000e+00,1.015932574171108446e-12,1.754388146617671511e-10,1.764547472359382535e-10,1.000000000000000000e+00
9.200000000000000000e+01,9.088625554133362311e+04,9.088625554133359401e+04,2.910383045673370361e-11,1.013800360442307840e-12,2.806128477359893490e-10,2.816266480964316477e-10,1.000000000000000000e+00
9.300000000000000000e+01,9.279108957300944894e+04,9.279108957300943439e+04,1.455191522836685181e-11,1.016268265474232983e-12,1.295111177384329659e-10,1.305273860039072043e-10,1.000000000000000000e+00
9.400000000000000000e+01,9.471566280183142226e+04,9.471566280183142226e+04,0.000000000000000000e+00,1.014088093503094548e-12,3.376620978106323110e-11,3.478029787456632464e-11,1.000000000000000000e+00
9.500000000000000000e+01,9.665997522826881323e+04,9.665997522826881323e+04,0.000000000000000000e+00,1.014231958339412112e-12,1.143459415088290652e-10,1.153601734671684805e-10,1.000000000000000000e+00
9.600000000000000000e+01,9.862402685276749253e+04,9.862402685276746342e+04,2.910383045673370361e-11,1.014375822091598815e-12,1.054275606691354829e-10,1.064419364912270770e-10,1.000000000000000000e+00
9.700000000000000000e+01,1.006078176757512410e+05,1.006078176757512556e+05,-1.455191522836685181e-11,1.014519684791910461e-12,1.981896221238609047e-11,2.083348189717799992e-11,1.000000000000000000e+00
9.800000000000000000e+01,1.026113476976233360e+05,1.026113476976233214e+05,1.455191522836685181e-11,1.014663546471335223e-12,8.267979632472972223e-11,8.369445987120106391e-11,1.000000000000000000e+00
9.900000000000000000e+01,1.046346169187673368e+05,1.046346169187673368e+05,0.000000000000000000e+00,1.012339505966046651e-12,1.251501473718845477e-10,1.261624868778506023e-10,1.000000000000000000e+00
1.000000000000000000e+02,1.066776253395485110e+05,1.066776253395484819e+05,2.910383045673370361e-11,1.012459389070922571e-12,7.132555816319099491e-11,7.233801755226191910e-11,1.000000000000000000e+00
1.010000000000000000e+02,1.087403729603148095e+05,1.087403729603148240e+05,-1.455191522836685181e-11,1.015095125676430580e-12,5.694614235999146824e-11,5.796123748566790004e-11,1.000000000000000000e+00
1.020000000000000000e+02,1.108228597813978267e+05,1.108228597813978267e+05,0.000000000000000000e+00,1.012699152965438892e-12,2.506753754899783999e-10,2.516880746429438624e-10,1.000000000000000000e+00
1.030000000000000000e+02,1.129250858031136158e+05,1.129250858031136449e+05,-2.910383045673370361e-11,1.012819033798419639e-12,1.020487908355968120e-10,1.030616098693952280e-10,1.000000000000000000e+00
1.040000000000000000e+02,1.150470510257637798e+05,1.150470510257637798e+05,0.000000000000000000e+00,1.015526696699722354e-12,1.099456831209604706e-10,1.109612098176601940e-10,1.000000000000000000e+00
1.050000000000000000e+02,1.171887554496360099e+05,1.171887554496360244e+05,-1.455191522836685181e-11,1.013058793338201620e-12,1.550876196178900685e-10,1.561006784112282659e-10,1.000000000000000000e+00
1.060000000000000000e+02,1.193501990750050609e+05,1.193501990750050463e+05,1.455191522836685181e-11,1.013178672083715754e-12,3.216295419942961881e-10,3.226427206663799099e-10,1.000000000000000000e+00
1.070000000000000000e+02,1.215313819021332311e+05,1.215313819021332602e+05,-2.910383045673370361e-11,1.013298550170955478e-12,1.988151873472964188e-10,1.998284858974673843e-10,1.000000000000000000e+00
1.080000000000000000e+02,1.237323039312713518e+05,1.237323039312713372e+05,1.455191522836685181e-11,1.013418427617577543e-12,1.140316373382672664e-10,1.150450557658848502e-10,1.000000000000000000e+00
1.090000000000000000e+02,1.259529651626589184e+05,1.259529651626589184e+05,0.000000000000000000e+00,1.016245965329134529e-12,2.201909140631825839e-11,2.303533737164739131e-11,1.000000000000000000e+00
1.100000000000000000e+02,1.281933655965251382e+05,1.281933655965251673e+05,-2.910383045673370361e-11,1.013658180656490746e-12,3.699930962394778965e-10,3.710067544201344104e-10,1.000000000000000000e+00
1.110000000000000000e+02,1.304535052330892649e+05,1.304535052330892649e+05,0.000000000000000000e+00,1.016533667537687455e-12,1.128922847199768136e-10,1.139088183875144975e-10,1.000000000000000000e+00
1.120000000000000000e+02,1.327333840725610789e+05,1.327333840725610789e+05,0.000000000000000000e+00,1.013897931329670225e-12,1.733172615104708801e-10,1.743311594418005619e-10,1.000000000000000000e+00
1.130000000000000000e+02,1.350330021151414549e+05,1.350330021151414549e+05,0.000000000000000000e+00,1.014017805817069804e-12,3.981656506437266766e-11,4.083058287018973545e-11,1.000000000000000000e+00
1.140000000000000000e+02,1.373523593610227399e+05,1.373523593610227690e+05,-2.910383045673370361e-11,1.016965215709468168e-12,1.155245821484313321e-10,1.165415473641407903e-10,1.000000000000000000e+00
1.150000000000000000e+02,1.396914558103893069e+05,1.396914558103893360e+05,-2.910383045673370361e-11,1.014257553164935762e-12,2.473358936777600217e-10,2.483501512309249589e-10,1.000000000000000000e+00
1.160000000000000000e+02,1.420502914634177869e+05,1.420502914634178160e+05,-2.910383045673370361e-11,1.011501940841640027e-12,2.449423674948793863e-11,2.550573869032958008e-11,1.000000000000000000e+00
1.170000000000000000e+02,1.444288663202776224e+05,1.444288663202776224e+05,0.000000000000000000e+00,1.014497298433301164e-12,5.333164439853146123e-11,5.434614169696476159e-11,1.000000000000000000e+00
1.180000000000000000e+02,1.468271803811312129e+05,1.468271803811311838e+05,2.910383045673370361e-11,1.014617170319667658e-12,1.566984284920232711e-10,1.577130456623429398e-10,1.000000000000000000e+00
1.190000000000000000e+02,1.492452336461344676e+05,1.492452336461344967e+05,-2.910383045673370361e-11,1.014737041723721010e-12,1.819213381795985019e-10,1.829360752213222345e-10,1.000000000000000000e+00
1.200000000000000000e+02,1.516830261154370091e+05,1.516830261154370382e+05,-2.910383045673370361e-11,1.014856912657142924e-12,2.076157041230205539e-10,2.086305610356776845e-10,1.000000000000000000e+00
1.210000000000000000e+02,1.541405577891824651e+05,1.541405577891824360e+05,2.910383045673370361e-11,1.014976783131241300e-12,3.066245609676205961e-11,3.167743287989330273e-11,1.000000000000000000e+00
1.220000000000000000e+02,1.566178286675087875e+05,1.566178286675087584e+05,2.910383045673370361e-11,1.015096653156963758e-12,1.345430275851088405e-11,1.446939941166784801e-11,1.000000000000000000e+00
1.230000000000000000e+02,1.591148387505485152e+05,1.591148387505485152e+05,0.000000000000000000e+00,1.015216522744913197e-12,1.168603748733228864e-10,1.178755913960678085e-10,1.000000000000000000e+00
1.240000000000000000e+02,1.616315880384290649e+05,1.616315880384290940e+05,-2.910383045673370361e-11,1.015336391905360710e-12,4.653785982778209726e-12,5.669122374683570840e-12,1.000000000000000000e+00
1.250000000000000000e+02,1.641680765312729345e+05,1.641680765312729345e+05,0.000000000000000000e+00,1.015456260648258113e-12,1.864336469046780824e-12,2.879792729695038936e-12,1.000000000000000000e+00
1.260000000000000000e+02,1.667243042291978200e+05,1.667243042291978200e+05,0.000000000000000000e+00,1.015576128983251066e-12,1.268395322886580514e-10,1.278551084176412990e-10,1.000000000000000000e+00
1.270000000000000000e+02,1.693002711323169933e+05,1.693002711323170224e+05,-2.910383045673370361e-11,1.012556797535352003e-12,3.258756914145271180e-11,3.360012593898806340e-11,1.000000000000000000e+00
1.280000000000000000e+02,1.718959772407395358e+05,1.718959772407395358e+05,0.000000000000000000e+00,1.015815864466642144e-12,3.706640357196149107e-11,3.808221943642813038e-11,1.000000000000000000e+00
1.290000000000000000e+02,1.745114225545703084e+05,1.745114225545703084e+05,0.000000000000000000e+00,1.015935731632900987e-12,2.619510376088809362e-10,2.629669733405138121e-10,1.000000000000000000e+00
1.300000000000000000e+02,1.771466070739103307e+05,1.771466070739103307e+05,0.000000000000000000e+00,1.016055598426997823e-12,1.084527383107963921e-10,1.094687939092233897e-10,1.000000000000000000e+00
1.310000000000000000e+02,1.798015307988568675e+05,1.798015307988568384e+05,2.910383045673370361e-11,1.012940371885368471e-12,1.514731216564343589e-10,1.524860620283197397e-10,1.000000000000000000e+00
1.320000000000000000e+02,1.824761937295036623e+05,1.824761937295036623e+05,0.000000000000000000e+00,1.013036264744858884e-12,2.579074145305911954e-11,2.680377771780397721e-11,1.000000000000000000e+00
1.330000000000000000e+02,1.851705958659410244e+05,1.851705958659410535e+05,-2.910383045673370361e-11,1.016415196657886272e-12,2.964066323067113671e-10,2.974230475033692330e-10,1.000000000000000000e+00
1.340000000000000000e+02,1.878847372082559450e+05,1.878847372082559741e+05,-2.910383045673370361e-11,1.013228049634577213e-12,1.115564919950935440e-10,1.125697200447281230e-10,1.000000000000000000e+00
1.350000000000000000e+02,1.906186177565324469e+05,1.906186177565324469e+05,0.000000000000000000e+00,1.016654927096434060e-12,1.229107301566321938e-10,1.239273850837286318e-10,1.000000000000000000e+00
1.360000000000000000e+02,1.933722375108513806e+05,1.933722375108513515e+05,2.910383045673370361e-11,1.016774791823169054e-12,3.048535568905629622e-10,3.058703316823861262e-10,1.000000000000000000e+00
1.370000000000000000e+02,1.961455964712908026e+05,1.961455964712908026e+05,0.000000000000000000e+00,1.013515724984294133e-12,2.392032732644752143e-10,2.402167889894594957e-10,1.000000000000000000e+00
1.380000000000000000e+02,1.989386946379260626e+05,1.989386946379260335e+05,2.910383045673370361e-11,1.013611616260620631e-12,1.655382332890721838e-10,1.665518449053328056e-10,1.000000000000000000e+00
1.390000000000000000e+02,2.017515320108298329e+05,2.017515320108298620e+05,-2.910383045673370361e-11,1.013707507292360566e-12,1.088063305026783284e-10,1.098200380099706908e-10,1.000000000000000000e+00
1.400000000000000000e+02,2.045841085900723992e+05,2.045841085900723701e+05,2.910383045673370361e-11,1.013803398084613335e-12,1.307290463993596485e-10,1.317428497974442568e-10,1.000000000000000000e+00
1.410000000000000000e+02,2.074364243757213699e+05,2.074364243757213990e+05,-2.910383045673370361e-11,1.013899288642338187e-12,1.737494297449976283e-10,1.747633290336399638e-10,1.000000000000000000e+00
1.420000000000000000e+02,2.103084793678424030e+05,2.103084793678423739e+05,2.910383045673370361e-11,1.013995178970357850e-12,1.837678751816487044e-10,1.847818703606190696e-10,1.000000000000000000e+00
1.430000000000000000e+02,2.132002735664985375e+05,2.132002735664985084e+05,2.910383045673370361e-11,1.014091069073363990e-12,2.272597147831336863e-10,2.282738058522070620e-10,1.000000000000000000e+00
1.440000000000000000e+02,2.161118069717509206e+05,2.161118069717509206e+05,0.000000000000000000e+00,1.017733698695401335e-12,1.533196586584845614e-10,1.543373923571799753e-10,1.000000000000000000e+00
1.450000000000000000e+02,2.190430795836586622e+05,2.190430795836587204e+05,-5.820766091346740723e-11,1.014282848622471271e-12,3.883013141746995262e-10,3.893155970233220124e-10,1.000000000000000000e+00
1.460000000000000000e+02,2.219940914022788929e+05,2.219940914022788638e+05,2.910383045673370361e-11,1.017973422597172103e-12,2.598294844575938934e-10,2.608474578801910589e-10,1.000000000000000000e+00
1.470000000000000000e+02,2.249648424276667065e+05,2.249648424276667356e+05,-2.910383045673370361e-11,1.014474627324729378e-12,1.102599872915222694e-10,1.112744619188470012e-10,1.000000000000000000e+00
1.480000000000000000e+02,2.279553326598755666e+05,2.279553326598755666e+05,0.000000000000000000e+00,1.014570516368744203e-12,2.197980338499803355e-11,2.299437390136677795e-11,1.000000000000000000e+00
1.490000000000000000e+02,2.309655620989571617e+05,2.309655620989571617e+05,0.000000000000000000e+00,1.014666405213372756e-12,1.629845119032537918e-10,1.639991783084671595e-10,1.000000000000000000e+00
1.500000000000000000e+02,2.339955307449614047e+05,2.339955307449613756e+05,2.910383045673370361e-11,1.014762293862502138e-12,6.672885966872557685e-11,6.774362196258808181e-11,1.000000000000000000e+00
1.510000000000000000e+02,2.370452385979366663e+05,2.370452385979366954e+05,-2.910383045673370361e-11,1.011143636739438881e-12,1.429476210299430315e-10,1.439587646666824710e-10,1.000000000000000000e+00
1.520000000000000000e+02,2.401146856579298328e+05,2.401146856579298328e+05,0.000000000000000000e+00,1.014954070589311578e-12,4.398109532431973220e-11,4.499604939490904620e-11,1.000000000000000000e+00
1.530000000000000000e+02,2.432038719249862479e+05,2.432038719249862188e+05,2.910383045673370361e-11,1.015049958674276520e-12,3.018676672702264557e-10,3.028827172289007569e-10,1.000000000000000000e+00
1.540000000000000000e+02,2.463127973991498002e+05,2.463127973991497420e+05,5.820766091346740723e-11,1.015145846578317514e-12,2.381817847101540407e-10,2.391969305567323445e-10,1.000000000000000000e+00
1.550000000000000000e+02,2.494414620804629521e+05,2.494414620804629521e+05,0.000000000000000000e+00,1.015241734304850717e-12,1.494724756867514355e-11,1.596248930297999386e-11,1.000000000000000000e+00
1.560000000000000000e+02,2.525898659689670021e+05,2.525898659689670021e+05,0.000000000000000000e+00,1.015337621857206260e-12,2.249810095465610267e-10,2.259963471684182244e-10,1.000000000000000000e+00
1.570000000000000000e+02,2.557580090647018806e+05,2.557580090647018806e+05,0.000000000000000000e+00,1.015433509238631877e-12,2.589651479885490309e-10,2.599805814977876858e-10,1.000000000000000000e+00
1.580000000000000000e+02,2.589458913677062083e+05,2.589458913677062374e+05,-2.910383045673370361e-11,1.011647047338721417e-12,2.071835358885025946e-10,2.081951829358413194e-10,1.000000000000000000e+00
1.590000000000000000e+02,2.621535128780176747e+05,2.621535128780176165e+05,5.820766091346740723e-11,1.015625283501285620e-12,4.328146423305056558e-10,4.338302676140069357e-10,1.000000000000000000e+00
1.600000000000000000e+02,2.653808735956723103e+05,2.653808735956723685e+05,-5.820766091346740723e-11,1.011790877790963098e-12,4.097918618368635848e-10,4.108036527146545622e-10,1.000000000000000000e+00
1.610000000000000000e+02,2.686279735207058839e+05,2.686279735207058256e+05,5.820766091346740723e-11,1.011862792837423984e-12,4.296716006248882887e-10,4.306834634177256875e-10,1.000000000000000000e+00
1.620000000000000000e+02,2.718948126531522139e+05,2.718948126531521557e+05,5.820766091346740723e-11,1.015912943689998854e-12,2.556649541976463055e-10,2.566808671413363209e-10,1.000000000000000000e+00
1.630000000000000000e+02,2.751813909930444788e+05,2.751813909930445370e+05,-5.820766091346740723e-11,1.016008830109719976e-12,2.393211373284403705e-10,2.403371461585501163e-10,1.000000000000000000e+00
1.640000000000000000e+02,2.784877085404151585e+05,2.784877085404151585e+05,0.000000000000000000e+00,1.008052358188564891e-12,1.273109885445006590e-10,1.283190409026892173e-10,1.000000000000000000e+00
1.650000000000000000e+02,2.818137652952954522e+05,2.818137652952953940e+05,5.820766091346740723e-11,1.016200602500897778e-12,3.192722607150827105e-10,3.202884613175835852e-10,1.000000000000000000e+00
1.660000000000000000e+02,2.851595612577156280e+05,2.851595612577156280e+05,0.000000000000000000e+00,1.012222366357723448e-12,5.296989029061612551e-10,5.307111252725189618e-10,1.000000000000000000e+00
1.670000000000000000e+02,2.885250964277049643e+05,2.885250964277049061e+05,5.820766091346740723e-11,1.012294280733407299e-12,3.777721244608863122e-10,3.787844187416197001e-10,1.000000000000000000e+00
1.680000000000000000e+02,2.919103708052923321e+05,2.919103708052923321e+05,0.000000000000000000e+00,1.016488260006119368e-12,3.038743994752054064e-11,3.140392820752666061e-11,1.000000000000000000e+00
1.690000000000000000e+02,2.953153843905054964e+05,2.953153843905054382e+05,5.820766091346740723e-11,1.012438109171592223e-12,2.825379607806794131e-10,2.835503988898510239e-10,1.000000000000000000e+00
1.700000000000000000e+02,2.987401371833712910e+05,2.987401371833712328e+05,5.820766091346740723e-11,1.012510023237695046e-12,1.801926652415089837e-10,1.812051752647466775e-10,1.000000000000000000e+00
1.710000000000000000e+02,3.021846291839159676e+05,3.021846291839159094e+05,5.820766091346740723e-11,1.012581937204137751e-12,4.539123097794677439e-10,4.549248917166718972e-10,1.000000000000000000e+00
1.720000000000000000e+02,3.056488603921650210e+05,3.056488603921650792e+05,-5.820766091346740723e-11,1.008435900714413184e-12,2.191270943698443294e-10,2.201355302705587519e-10,1.000000000000000000e+00
1.730000000000000000e+02,3.091328308081432479e+05,3.091328308081433061e+05,-5.820766091346740723e-11,1.016967686460402936e-12,4.156457770135708729e-10,4.166627447000312875e-10,1.000000000000000000e+00
1.740000000000000000e+02,3.126365404318746296e+05,3.126365404318745714e+05,5.820766091346740723e-11,1.017063571363745485e-12,7.890814627798888693e-11,7.992520984935262898e-11,1.000000000000000000e+00
1.750000000000000000e+02,3.161599892633825657e+05,3.161599892633826239e+05,-5.820766091346740723e-11,1.012869592106728036e-12,4.915109461829102169e-10,4.925238157750169563e-10,1.000000000000000000e+00
1.760000000000000000e+02,3.197031773026898736e+05,3.197031773026898736e+05,0.000000000000000000e+00,1.012941505599611456e-12,5.221163147913593823e-10,5.231292562969589426e-10,1.000000000000000000e+00
1.770000000000000000e+02,3.232661045498184394e+05,3.232661045498184394e+05,0.000000000000000000e+00,1.017351225337302486e-12,3.428450735072083363e-10,3.438624247325456631e-10,1.000000000000000000e+00
1.780000000000000000e+02,3.268487710047900327e+05,3.268487710047900327e+05,0.000000000000000000e+00,1.013085332316809352e-12,7.446043795277565535e-10,7.456174648600733358e-10,1.000000000000000000e+00
1.790000000000000000e+02,3.304511766676254920e+05,3.304511766676254338e+05,5.820766091346740723e-11,1.013157245544060561e-12,1.370544178319145590e-10,1.380675750774586114e-10,1.000000000000000000e+00
1.800000000000000000e+02,3.340733215383450733e+05,3.340733215383451316e+05,-5.820766091346740723e-11,1.013229158685651320e-12,1.935113044690669729e-10,1.945245336277526307e-10,1.000000000000000000e+00
1.810000000000000000e+02,3.377152056169686839e+05,3.377152056169687421e+05,-5.820766091346740723e-11,1.013301071742971237e-12,4.515550285002494065e-10,4.525683295719923747e-10,1.000000000000000000e+00
1.820000000000000000e+02,3.413768289035155321e+05,3.413768289035154739e+05,5.820766091346740723e-11,1.015601815503943624e-12,6.356586964067935462e-10,6.366742982222975226e-10,1.000000000000000000e+00
1.830000000000000000e+02,3.450581913980045356e+05,3.450581913980044774e+05,5.820766091346740723e-11,1.013444897610209146e-12,2.105230177007167593e-10,2.115364625983269697e-10,1.000000000000000000e+00
1.840000000000000000e+02,3.487592931004537386e+05,3.487592931004536804e+05,5.820766091346740723e-11,1.013516810422760140e-12,1.406689157933745854e-10,1.416824326037973382e-10,1.000000000000000000e+00
1.850000000000000000e+02,3.524801340108809527e+05,3.524801340108808945e+05,5.820766091346740723e-11,1.015853510349360060e-12,5.030646675687071358e-11,5.132232026722007505e-11,1.000000000000000000e+00
1.860000000000000000e+02,3.562207141293036402e+05,3.562207141293035238e+05,1.164153218269348145e-10,1.013660635812101921e-12,8.354775728414191962e-10,8.364912334772313135e-10,1.000000000000000000e+00
1.870000000000000000e+02,3.599810334557383321e+05,3.599810334557383903e+05,-5.820766091346740723e-11,1.013732548391362537e-12,1.387438027486839009e-10,1.397575352970752699e-10,1.000000000000000000e+00
1.880000000000000000e+02,3.637610919902019086e+05,3.637610919902019086e+05,0.000000000000000000e+00,1.016105204378167275e-12,3.011604828864624021e-10,3.021765880908405663e-10,1.000000000000000000e+00
1.890000000000000000e+02,3.675608897327099694e+05,3.675608897327100858e+05,-1.164153218269348145e-10,1.011563644437204191e-12,3.806794380385823625e-10,3.816910016830195804e-10,1.000000000000000000e+00
1.900000000000000000e+02,3.713804266832783469e+05,3.713804266832783469e+05,0.000000000000000000e+00,1.013948285681786086e-12,1.370383983116181195e-09,1.371397931401863021e-09,1.000000000000000000e+00
1.910000000000000000e+02,3.752197028419222333e+05,3.752197028419222916e+05,-5.820766091346740723e-11,1.014020197966633412e-12,2.587687078819435220e-10,2.597827280799101754e-10,1.000000000000000000e+00
1.920000000000000000e+02,3.790787182086562971e+05,3.790787182086561806e+05,1.164153218269348145e-10,1.014092110180687729e-12,1.373880617013679969e-09,1.374894709123860725e-09,1.000000000000000000e+00
1.930000000000000000e+02,3.829574727834948571e+05,3.829574727834949153e+05,-5.820766091346740723e-11,1.016524692712865840e-12,6.547526747684188585e-10,6.557691994611316951e-10,1.000000000000000000e+00
1.940000000000000000e+02,3.868559665664523491e+05,3.868559665664523491e+05,0.000000000000000000e+00,1.011863278666925143e-12,1.143927828226436103e-09,1.144939691505102938e-09,1.000000000000000000e+00
1.950000000000000000e+02,3.907741995575420442e+05,3.907741995575421606e+05,-1.164153218269348145e-10,1.014307846408770448e-12,4.636164510455563492e-10,4.646307588919651013e-10,1.000000000000000000e+00
1.960000000000000000e+02,3.947121717567775631e+05,3.947121717567776213e+05,-5.820766091346740723e-11,1.014379758350223113e-12,4.681345734973862225e-10,4.691489532557364184e-10,1.000000000000000000e+00
1.970000000000000000e+02,3.986698831641721190e+05,3.986698831641720608e+05,5.820766091346740723e-11,1.016860281930740293e-12,4.636950270881967020e-10,4.647118873701274459e-10,1.000000000000000000e+00
